_id,urls,final_urls
b'5b8875d5bb325e65a22cf81b',['https://ubm.io/2MCQwfg'],https://www.darkreading.com/endpoint-security
b'5b887960bb325e65fa7e78f5',['https://ubm.io/2opxPgJ'],https://www.darkreading.com:443/endpoint-security
b'5b887cb4bb325e65fa7e7908',['https://thecruzy.com/technology/destroying-scammers-computer-with-ransomware/'],
b'5b88827fbb325e65fa7e793e',['https://ubm.io/2ooh59t'],https://www.darkreading.com:443/endpoint-security
b'5b8883a6bb325e65fa7e7945',['https://ubm.io/2LIxrTA'],https://www.darkreading.com/endpoint-security
b'5b8885f8bb325e65fa7e7953',['https://ift.tt/2wtdXO2'],
b'5b888901bb325e65fa7e797c',['http://sunnyhoi.blog/QhcnS4'],
b'5b895ef9bb325e0e48dd99fb',['https://securitynode.com/advisory/CVE-2018-16159'],https://securitynode.com/advisory/CVE-2018-16159
b'5b8966e3bb325e0e48dd9a56',['https://blog.cripperz.sg/2018/08/31/hacking-the-hacker-stopping-a-big-botnet-targeting-usa-canada-and-italy/'],
b'5b8969f3bb325e0e48dd9a73',['https://e-blackfriday.eu/2018/08/mozilla-firefox-2-0-0-3-href-out-of-bounds-denial-of-service/'],
b'5b896af5bb325e0e48dd9a7e',['https://is.gd/AYjueX'],
b'5b896af7bb325e0e48dd9a7f',['https://is.gd/AYjueX'],
b'5b897017bb325e0e48dd9aab',['http://bit.ly/1yh3v9G'],
b'5b898352bb325e1b7737e66e',['https://buff.ly/2Plr4I0'],
b'5b8983babb325e1b7737e674',['https://mediapanas.xfer.tk/hacking-the-hacker-stopping-a-big-botnet-targeting-usa-canada-and-italy/'],
b'5b8987d2bb325e1b7737e694',['http://bit.ly/2N8GfDR'],
b'5b8989cbbb325e1b7737e6ab',['https://ubm.io/2NAw2Am'],https://www.darkreading.com/endpoint-security
b'5b89914cbb325e1b7737e6df',['http://bit.ly/2N8vl44'],
b'5b899adabb325e1b7737e718',['http://bit.ly/2N7tdcV'],
b'5b899c56bb325e1b7737e721',['https://is.gd/YIfQtN'],
b'5b899c58bb325e1b7737e722',['https://is.gd/YIfQtN'],
b'5b8c7beebb325e2996c66671',['https://e-blackfriday.eu/2018/09/simpnews-2-40-01-print-php-newsnr-sql-injection/'],
b'5b8c7c90bb325e2996c66678',['http://bit.ly/2PwILol'],
b'5b8c7d29bb325e2996c6667d',['https://ift.tt/1W4COhb'],
b'5b8c84b2bb325e2996c666a3',['https://0day.city/0day-186357.html'],
b'5b8c84ddbb325e2996c666a4',['https://0day.city/cve-2018-12882.html'],
b'5b8c8809bb325e2996c666b8',['https://www.oramboston.com/blog/ransomware-a-guide-for-protecting-todays-businesses/'],
b'5b8c89f3bb325e2996c666c5',['http://techvibesnow.com/hostrush-us-ssd-vps1gbs-ioddos-20gbssd-raid-10-lifetime-8gb-6-99m-4gb-5m-2g-4m-2/'],
b'5b8c8a01bb325e2996c666c6',['https://goo.gl/vL6CwG'],
b'5b8c8ad2bb325e2996c666c9',['https://e-blackfriday.eu/2018/09/faqengine-4-16-03-question-php-questionref-sql-injection/'],
b'5b8c93cabb325e2996c666eb',['https://0day.city/cve-2018-12882.html'],
b'5b8cb160bb325e2996c6679d',['http://bit.ly/2qhiSMf'],https://www.coppersquared.com/what-we-think/2017/5/23/no-ransomware-defense-is-complete-without-resiliency-planning
b'5b8cc246bb325e2996c667f5',['https://pocketnow.com/another-android-vulnerability#.W4zCLvWnOBM.facebook'],
b'5b8cc2f4bb325e2996c667f7',['https://goo.gl/b7dq99'],
b'5b8cc532bb325e2996c66806',['https://www.deepdotweb.com/2018/09/03/interview-with-a-professional-ddos-extortionist/'],
b'5b8cc5b2bb325e2996c66808',['https://newsinstantly.ooo/any-android-device-not-running-pie-can-be-tracked-and-located-thanks-to-new-vulnerability/'],
b'5b8cc66cbb325e2996c6680b',['http://bit.ly/2u4Excd'],https://perfectdomain.com/domain/tobem.com
b'5b8cc6c0bb325e2996c6680d',['https://tvideos.net/any-android-device-not-running-pie-can-be-tracked-and-located-thanks-to-new-vulnerability/'],
b'5b8cc71dbb325e2996c66811',['https://goo.gl/b7dq99'],
b'5b8ccbc4bb325e2996c66825',['https://is.gd/7CYRnk'],
b'5b8ccc12bb325e2996c66826',['https://ift.tt/2NIAtsQ'],
b'5b8cccc8bb325e2996c6682b',['https://nyalink.com/cisco-warns-users-about-serious-vulnerability-in-webvpn-software/'],
b'5b8cd4ecbb325e2996c6686e',['https://deepdotweb.com/2018/09/03/interview-with-a-professional-ddos-extortionist'],
b'5b8cd51fbb325e2996c66873',['https://ubm.io/2PsL8bu'],https://www.darkreading.com/endpoint-security
b'5b8cd556bb325e2996c66875',['https://www.appmarsh.com/barack-obama-ransomware-is-infecting-windows-pcs-heres-what-you-need-to-know/'],
b'5b8cd5c0bb325e2996c6687c',['https://www.appzz.website/barack-obama-ransomware-is-infecting-windows-pcs-heres-what-you-need-to-know/'],https://www.appzz.website/barack-obama-ransomware-is-infecting-windows-pcs-heres-what-you-need-to-know/
b'5b8cd70dbb325e2996c66882',['https://ift.tt/2wBx6N9'],https://www.appzz.website/barack-obama-ransomware-is-infecting-windows-pcs-heres-what-you-need-to-know/
b'5b8cd88abb325e2996c6688f',['https://www.deepdotweb.com/2018/09/03/interview-with-a-professional-ddos-extortionist/amp/'],
b'5b8dce52bb325e2996c668a2',['https://e-blackfriday.eu/2018/09/gimp-2-3-14-crash-denial-of-service/'],
b'5b8dcfb4bb325e2996c668ab',['http://ow.ly/z7V330lEvwx'],
b'5b8de820bb325e2996c66925',['http://blogs.360.cn/post/Microsoft%20Edge%20Chakra%20OP_NewScObjArray%20Type%20Confusion%20%E8%BF%9C%E7%A8%8B%E4%BB%A3%E7%A0%81%E6%89%A7%E8%A1%8C%E6%BC%8F%E6%B4%9E%E5%88%86%E6%9E%90%E4%B8%8E%E5%88%A9%E7%94%A8.html'],
b'5b8de980bb325e2996c6692b',['https://careers.energysourcing.com/index.php?m=portal&a=details&jobOrderID=10929046'],
b'5b8deaa8bb325e2996c66934',['http://ow.ly/doZc30lEvyF'],
b'5b8deb4dbb325e2996c66937',['https://paper.li/e-1519784179?read=https%3A%2F%2Fwww.ddosbootcamp.com%2F'],https://goodbye.paper.li/
b'5b8dec44bb325e2996c66941',['https://deepsecurity.news/deep-web/darknet/how-the-dark-web-and-bitcoin-are-helping-keep-samsam-ransomware-hidden-2/'],
b'5b8dee42bb325e2996c66949',['http://bit.ly/2MNEuvX'],
b'5b8df6cabb325e2996c6696e',['https://modo.ly/2on5WpC'],
b'5b8dfe02bb325e2996c66998',['https://paper.li/hostmozart/1391312159?edition_id=dc05c700-aff3-11e8-a24e-0cc47a0d1609'],https://goodbye.paper.li/
b'5b8e0709bb325e2996c669c6',['https://is.gd/1igicc'],
b'5b8e070abb325e2996c669c7',['https://is.gd/1igicc'],
b'5b8e1648bb325e2996c669fd',['https://0day.city/cve-2018-12882.html'],
b'5b8e1be4bb325e2996c66a16',['http://sunnyhoi.blog/Qj2cN7'],
b'5b8e251ebb325e2996c66a4d',['http://itsupportdaily.co.uk/?edition_id=284f3ad0-b00b-11e8-aa9b-0cc47a0d15fd'],
b'5b8e2b34bb325e2996c66a72',['http://blogs.360.cn/post/Microsoft%20Edge%20Chakra%20OP_NewScObjArray%20Type%20Confusion%20%E8%BF%9C%E7%A8%8B%E4%BB%A3%E7%A0%81%E6%89%A7%E8%A1%8C%E6%BC%8F%E6%B4%9E%E5%88%86%E6%9E%90%E4%B8%8E%E5%88%A9%E7%94%A8.html'],
b'5b906945bb325e6fa9bdb7dd',['https://paper.li/f-1492299533?read=https%3A%2F%2Fmarcoramilli.blogspot.com%2F2018%2F08%2Fhacking%2Dhacker%2Dstopping%2Dbig%2Dbotnet.html'],https://goodbye.paper.li/
b'5b906de3bb325e700718669e',['https://insili.co/2MEZwk6'],
b'5b90719dbb325e70071866c2',['http://shari-berman.com/hhs-hccic-cybersecurity-alert-new-ryuk-ransomware-quickly-racking-up-damage/'],
b'5b9075c4bb325e70071866e6',['http://bit.ly/2rBhllC'],https://perfectdomain.com/domain/tobem.com
b'5b9078eebb325e7007186702',['http://sunnyhoi.blog/QjG0Y7'],
b'5b907aaebb325e700718670b',['https://is.gd/QTtqEj'],
b'5b907ea4bb325e700718673a',['https://e-blackfriday.eu/2018/09/samsung-scx-4200_driver-2-00-95-wrap_setuid_third_party_application-unknown-vulnerability/'],
b'5b90804dbb325e7007186746',['http://dlvr.it/QjG5JY'],
b'5b90811dbb325e7007186749',['http://sunnyhoi.blog/QjG5tJ'],
b'5b90871ebb325e7007186782',['http://sunnyhoi.blog/QjG9wn'],
b'5b90888dbb325e7007186794',['http://roxineevans.com/My_Cry_To_GOD.html'],
b'5b90889fbb325e7007186796',['http://techvibesnow.com/hostrush-us-ssd-vps1gbs-ioddos-20gbssd-raid-10-lifetime-8gb-6-99m-4gb-5m-2g-4m-3/'],
b'5b908a3bbb325e70071867b7',['https://ift.tt/2CoJ7M1'],
b'5b9091a3bb325e70071867f4',['http://sunnyhoi.blog/QjGKGR'],
b'5b909380bb325e7007186800',['https://securitynode.com/advisory/CVE-2018-16548'],https://securitynode.com/advisory/CVE-2018-16548
b'5b909652bb325e700718681b',['http://sunnyhoi.blog/QjGNj3'],
b'5b90986abb325e7007186829',"['http://Deco.Network', 'http://www.btc-current.nl/crypto-news/ethereum/tips-security-vulnerability-patched-thank-you-to-deco-network-gitcoin-blog/']",
b'5b909bd6bb325e7007186843',['https://e-blackfriday.eu/2018/09/bandersnatch-0-4-index-php-limit-sql-injection/'],
b'5b909c8fbb325e700718684a',['https://paper.li/toyubomm?edition_id=8ad69170-b183-11e8-b85a-0cc47a0d1605'],https://goodbye.paper.li/
b'5b90a0f9bb325e700718686c',['https://paper.li/hostmozart/1391312159?edition_id=2c88d8a0-b186-11e8-a24e-0cc47a0d1609'],https://goodbye.paper.li/
b'5b90a6d8bb325e700718689c',['http://www.BTFbaby.com'],
b'5b90aa2abb325e70071868bc',['https://e-blackfriday.eu/2018/09/hp-serviceguard-up-to-a-11-16-10-unknown-vulnerability-cve-2007-3908/'],
b'5b90b21fbb325e7007186904',['http://pokafeed.com/2018/09/06/draftkings-hit-by-ddos-attack-fights-back/'],
b'5b90b45abb325e7007186919',['http://www.securityfocus.com/bid/105254'],
b'5b90b58abb325e7007186925',['https://ift.tt/2MNgexP'],
b'5b90b6aabb325e700718692a',['http://dlvr.it/QjGq5C'],
b'5b90b6aabb325e700718692b',['http://dlvr.it/QjGq6B'],
b'5b90b6abbb325e700718692d',['http://dlvr.it/QjGq6p'],
b'5b90b81ebb325e700718693a',['https://hackerfall.com/story/you-cant-contain-me-elevation-of-privilege-vulnera'],
b'5b90b98ebb325e700718693f',['https://goo.gl/fb/mtSM9o'],
b'5b90c2d5bb325e7007186986',['https://reportsandmarkets.blog/2018/09/06/ddos-protection-and-mitigation-market-expected-to-grow-at-7-7-cagr-by-2023-report/'],
b'5b90c652bb325e700718699c',['https://e-blackfriday.eu/2018/09/suse-linux-unknown-vulnerability-cve-2007-4393/'],
b'5b90c99ebb325e70071869bc',['https://symc.ly/2NU2UnB'],https://symantec-enterprise-blogs.security.com/blogs/product-insights/how-one-healthcare-leader-locked-out-ransomware-web-isolation?es_p=7512857
b'5b90cafcbb325e70071869ca',['http://bit.ly/2MhYlXt'],https://insight.scmagazineuk.com
b'5b90d07abb325e7007186a18',['http://www.securityfocus.com/bid/105273'],
b'5b90d124bb325e7007186a69',['https://ift.tt/2MNgexP'],
b'5b90d124bb325e7007186a6a',['https://goo.gl/fb/mrTeQ7'],
b'5b90d124bb325e7007186a6b',['https://ift.tt/2M3pgBl'],
b'5b90d156bb325e7007186a8c',['http://dlvr.it/QjHCBj'],
b'5b90d15ebb325e7007186a90',['http://dlvr.it/QjHCCq'],
b'5b90d15fbb325e7007186a91',['http://dlvr.it/QjHCCt'],
b'5b90d175bb325e7007186a95',['https://ift.tt/2MNgexP'],
b'5b90d176bb325e7007186a96',['https://ift.tt/2M3pgBl'],
b'5b90d2b7bb325e7007186abf',['https://mindchow.club/sql-injection-attack-ethical-hacking-course/'],
b'5b90d2cfbb325e7007186ac0',['https://ift.tt/2M3pgBl'],
b'5b90d2e9bb325e7007186ac7',['https://e-blackfriday.eu/2018/09/nullsoft-winamp-5-35-stack-based-denial-of-service/'],
b'5b90d307bb325e7007186ac8',['http://d.maldicore.com/QjHF47'],
b'5b90d5f1bb325e7007186afa',['https://paper.li/BytesBitsPieces/1494710531?edition_id=bf1cb550-b1a5-11e8-aa9b-0cc47a0d15fd'],https://goodbye.paper.li/
b'5b90db55bb325e7007186b4a',['http://bit.ly/2OrON9S'],
b'5b90dc35bb325e7007186b57',['http://blog.worldagroforestry.org/index.php/2018/09/05/beyond-selfies-african-youth-vow-to-restore-the-continents-landscapes/#.W5DcH6erP4Y.twitter'],
b'5b90de45bb325e7007186b6d',['https://threatbrief.com/the-vulnerability-disclosure-process-still-broken/'],
b'5b90df01bb325e7007186b7a',['https://goo.gl/fb/xWLTS2'],
b'5b90df01bb325e7007186b7b',['https://ift.tt/2zhDk88'],
b'5b90df8ebb325e7007186b86',['https://ift.tt/2zhDk88'],
b'5b90e028bb325e7007186b91',['http://dlvr.it/QjHSTq'],
b'5b90e028bb325e7007186b92',['http://dlvr.it/QjHSTH'],
b'5b90e028bb325e7007186b93',['http://dlvr.it/QjHSSr'],
b'5b90e03abb325e7007186b9c',['https://ift.tt/2zhDk88'],
b'5b90e1ddbb325e7007186bb2',['https://www.mcnetinc.com/?p=2273'],https://www.mcnetinc.com/?p=2273
b'5b90e5abbb325e7007186beb',['https://goo.gl/PioqeM'],
b'5b90e64fbb325e7007186bf0',['https://prowriters.firstclassessaywriters.com/2018/09/06/recommendedexplain-the-difference-between-a-threat-and-a-vulnerability/'],
b'5b90f000bb325e7007186c57',['https://paper.li/juansantesmases/1336237979?edition_id=47d5f000-b1b5-11e8-917f-0cc47a0d164b'],https://goodbye.paper.li/
b'5b90f022bb325e7007186c5a',['http://1gk.io/LigC7lN1'],
b'5b90f3a0bb325e7007186c91',['https://twitter.com/i/web/status/1037634015644270592'],https://twitter.com/i/web/status/1037634015644270592
b'5b90f3c3bb325e7007186c96',['https://v.virg0.org/2MO123r'],
b'5b90f578bb325e7007186ca6',['http://zk0.io/3p6ZboS0'],
b'5b90f5cabb325e7007186ca9',['http://zk0.io/JayhyY44'],
b'5b90f8a1bb325e7007186ccd',['http://zk0.io/Eu9tHHTH'],
b'5b90faabbb325e7007186cec',['http://www.securityfocus.com/bid/105283'],
b'5b90faabbb325e7007186ced',['http://www.securityfocus.com/bid/105282'],
b'5b90fc1dbb325e7007186d01',['http://www.atlantajobs.info/cyber-security-vulnerability-assessment-analyst/'],
b'5b90ff07bb325e7007186d29',['http://bit.ly/2oJwHEz'],
b'5b90ffd5bb325e7007186d30',['http://1gk.io/ZKzAcKCb'],
b'5b91024bbb325e7007186d63',['http://1gk.io/hboGlq7Z'],
b'5b91033fbb325e7007186d70',['http://zk0.io/DeoXhCLm'],
b'5b91039dbb325e7007186d74',['http://bit.ly/2oJwHEz'],
b'5b910627bb325e7007186d93',['http://1gk.io/Qj2JUAgB'],
b'5b9107a6bb325e7007186da6',['http://1gk.io/2FxumRQK'],
b'5b9107bdbb325e7007186da8',['http://n1o.io/evHNusXQ'],
b'5b910828bb325e7007186db1',['http://xih.me/6IKM5n0a'],
b'5b910848bb325e7007186db4',['http://zk0.io/wBZ5BCmp'],
b'5b9108babb325e7007186dbb',['http://www.securityfocus.com/bid/105287'],
b'5b91090fbb325e7007186dc7',['https://0day.city/cve-2018-16550.html'],
b'5b9109b2bb325e7007186dcf',['http://zk0.io/ltMAwmgQ'],
b'5b9109c5bb325e7007186dd2',['https://ift.tt/2wJxUjR'],
b'5b9109c5bb325e7007186dd3',['https://ift.tt/2NUkI1Y'],
b'5b9109e3bb325e7007186dd8',['http://amp.gs/yvt7'],
b'5b9109e3bb325e7007186dd9',['http://amp.gs/yvtv'],
b'5b910a58bb325e7007186de0',['http://dlvr.it/QjJJyJ'],
b'5b910acfbb325e7007186de6',['http://xih.me/lQXeAGeB'],
b'5b910b24bb325e7007186dee',['https://ift.tt/2wJxUjR'],
b'5b910b24bb325e7007186def',['https://ift.tt/2NUkI1Y'],
b'5b910b43bb325e7007186df2',['http://dlvr.it/QjJL15'],
b'5b910c62bb325e7007186e08',['https://tech.dragmojo.com/it/schneider-electric-modicon-vulnerability-impacts-ics-operation-in-industrial-settings/'],
b'5b910c72bb325e7007186e0b',['https://tech.dragmojo.com/it/schneider-electric-modicon-vulnerability-impacts-ics-operation-in-industrial-settings/'],
b'5b910ca5bb325e7007186e0c',['http://n1o.io/7zXbbgpJ'],
b'5b910cbcbb325e7007186e0d',['https://ift.tt/2wJxUjR'],
b'5b910cbcbb325e7007186e0e',['https://goo.gl/fb/PmvvX1'],
b'5b910cbdbb325e7007186e0f',['https://ift.tt/2NUkI1Y'],
b'5b910cbdbb325e7007186e10',['https://goo.gl/fb/EG7hTP'],
b'5b910d73bb325e7007186e1f',['https://ift.tt/2Nnwc15'],
b'5b910e20bb325e7007186e27',['https://www.malwareremovalservice.com/webapps-jorani-leave-management-0-6-5-startdate-sql-injection/'],
b'5b910ee5bb325e7007186e31',['http://1gk.io/wLemVvno'],
b'5b91117fbb325e7007186e5d',['http://dlvr.it/QjJTRz'],
b'5b9112dfbb325e7007186e72',['http://1gk.io/yR6szlNN'],
b'5b91134fbb325e7007186e76',['https://paper.li/JonMLevine/1494258264?edition_id=51fe2380-b1ca-11e8-89af-002590a5ba2d'],https://goodbye.paper.li/
b'5b911472bb325e7007186e85',['http://1gk.io/IsXNWrlw'],
b'5b911526bb325e7007186e8d',['https://hugeorange.com/product/book-publication-review?dDOS'],
b'5b911594bb325e7007186e96',['https://goo.gl/QD9WHa'],
b'5b91162abb325e7007186ea1',['http://zk0.io/QVTqG5Zb'],
b'5b91188abb325e7007186eca',['http://1gk.io/diAqlmsk'],
b'5b9119f1bb325e7007186ee3',['https://goo.gl/QD9WHa'],
b'5b911a62bb325e7007186ef2',['http://shari-berman.com/hhs-hccic-cybersecurity-alert-new-ryuk-ransomware-quickly-racking-up-damage/'],
b'5b911b0bbb325e7007186efa',['http://nv9.me/Pi9x7vSX'],
b'5b911ba2bb325e7007186f03',['https://e-blackfriday.eu/2018/09/counterpath-x-lite-3-0-crash-denial-of-service/'],
b'5b911df3bb325e7007186f21',['https://symc.ly/2C8P4wr'],https://symantec-enterprise-blogs.security.com/blogs/product-insights/how-one-healthcare-leader-locked-out-ransomware-web-isolation?es_p=7487037
b'5b91211abb325e7007186f53',['https://paper.li/DataShadow/1457372573?read=https%3A%2F%2Fedgylabs.com%2F3%2Dbrand%2Dnew%2Dmirai%2Dbotnet%2Dattacks%2Dagainst%2Diot%2Ddevices'],https://goodbye.paper.li/
b'5b91211fbb325e7007186f54',['http://1gk.io/ZVaEeY6a'],
b'5b912265bb325e7007186f66',['https://threatbrief.com/the-vulnerability-disclosure-process-still-broken/'],
b'5b9122f9bb325e7007186f6f',['http://bit.ly/2wMd7fC'],
b'5b9124eabb325e7007186f8d',['http://qoo.ly/ruu83'],
b'5b912533bb325e7007186f93',['http://zk0.io/eDbto523'],
b'5b9126b2bb325e7007186fb2',['https://0day.city/cve-2018-16550.html'],
b'5b9126d9bb325e7007186fb6',['http://zk0.io/X1ZsuQTK'],
b'5b91270bbb325e7007186fb7',['http://1gk.io/6sIOC1uC'],
b'5b9127b6bb325e7007186fc6',['http://rviv.ly/37kQdK'],https://n0where.net/build-your-own-botnet-byob
b'5b9128a4bb325e7007186fd8',['http://sunnyhoi.blog/QjJzY8'],
b'5b912914bb325e7007186fe6',['http://zk0.io/3xrYj90z'],
b'5b9129c2bb325e7007186ff9',['http://1gk.io/SvQemK3t'],
b'5b9129dcbb325e7007186ffd',['http://zk0.io/UGkszGAQ'],
b'5b912b11bb325e700718701c',['http://1gk.io/cOpE1v0g'],
b'5b912bd6bb325e700718702d',['http://1gk.io/DlcSIYgg'],
b'5b912c2cbb325e700718703d',['https://4th-of-july.info/2018/09/06/our-nations-vulnerability-to-terrorist-attacks/'],
b'5b912ee4bb325e7007187076',['https://www.hcanews.com/news/podcast-can-outside-disruption-save-healthcare'],
b'5b9130b1bb325e700718709e',['https://careers.energysourcing.com/index.php?m=portal&a=details&jobOrderID=10493362'],
b'5b91311ebb325e70071870a5',['https://www.zol.co.zw/vrp'],
b'5b9131b1bb325e70071870ac',['http://1gk.io/yZ9g7cA7'],
b'5b9132bbbb325e70071870c2',['https://secure.surf/2018/01/04/ta18-004a-meltdown-and-spectre-side-channel-vulnerability-guidance/'],https://secure.surf/2018/01/04/ta18-004a-meltdown-and-spectre-side-channel-vulnerability-guidance/
b'5b9133d6bb325e70071870e4',['https://is.gd/zJ77HQ'],
b'5b9133d6bb325e70071870e5',['https://is.gd/zJ77HQ'],
b'5b9133dcbb325e70071870e6',"['https://is.gd/zJ77HQ', 'https://is.gd/zJ77HQ']",
b'5b91347cbb325e70071870f5',"['http://www.neomrx.ro', 'https://www.neomrx.ro/2018/09/06/the-vulnerability-disclosure-process-still-broken-2/']",
b'5b913480bb325e70071870f6',"['http://www.neomrx.ro', 'https://www.neomrx.ro/2018/09/06/jorani-leave-management-system-0-6-5-sql-injection/']",
b'5b9134b6bb325e70071870f9',['http://1gk.io/cS2G8NKb'],
b'5b91353bbb325e7007187104',['http://n1o.io/hhK7Yg8K'],
b'5b91377dbb325e700718712c',['https://secure.surf/2018/08/13/washington-state-man-sentenced-to-prison-for-role-in-connection-with-reveton-ransomware/'],https://secure.surf/2018/08/13/washington-state-man-sentenced-to-prison-for-role-in-connection-with-reveton-ransomware/
b'5b9137ecbb325e7007187136',['http://sunnyhoi.blog/QjKLFS'],
b'5b9137fcbb325e7007187137',['http://zk0.io/SDPjNv2t'],
b'5b913813bb325e7007187139',['https://goo.gl/kn1LEp'],
b'5b913940bb325e7007187150',['http://www.securityfocus.com/bid/101665'],
b'5b913adcbb325e7007187179',['http://d.maldicore.com/QjKPdt'],
b'5b913c48bb325e70071871a1',['http://dlvr.it/QjKRXB'],
b'5b913c7dbb325e70071871ab',['http://bit.ly/2PHAzBC'],
b'5b913cbbbb325e70071871b2',['http://1gk.io/rn3VE0n7'],
b'5b913da4bb325e70071871c8',['http://1gk.io/WzddYu1i'],
b'5b913e07bb325e70071871d0',['https://goo.gl/GhzNKp'],
b'5b913f31bb325e70071871f1',['https://goo.gl/HU5Mq6'],
b'5b913f4dbb325e70071871f2',['https://goo.gl/AzdsM4'],
b'5b914010bb325e7007187202',['http://bit.ly/2NSivUX'],
b'5b91410cbb325e700718721a',['https://qwerty.red/doj-expected-to-charge-north-korean-spy-over-sony-hack-and-wannacry-ransomware/'],
b'5b914265bb325e7007187237',['http://upflow.co/l/dMYc'],
b'5b91427abb325e700718723a',['https://goo.gl/gBgceM'],
b'5b9142dabb325e7007187241',['https://buff.ly/2nHw2Dr'],
b'5b9143a2bb325e700718724f',['http://i.securitytc.com/RansomwareTimeline'],
b'5b914545bb325e7007187266',['https://giveinfo.me/2018/09/06/doj-expected-to-charge-north-korean-spy-over-sony-hack-and-wannacry-ransomware/'],
b'5b914657bb325e7007187277',['http://zk0.io/8vgRhYHQ'],
b'5b9149d5bb325e70071872ba',['http://zk0.io/ZKjVKMHD'],
b'5b9149edbb325e70071872be',['http://xih.me/bJzXRRVk'],
b'5b914a58bb325e70071872cd',['http://1gk.io/da3LjAKl'],
b'5b914b7abb325e70071872e3',['https://deepsecurity.news/deep-learning/fallout-exploit-kit-used-in-malvertising-campaign-to-deliver-gandcrab-ransomware/'],
b'5b914cbbbb325e7007187306',['https://ift.tt/2M4xtFn'],
b'5b914d36bb325e7007187317',['https://goo.gl/om3HYj'],
b'5b914d60bb325e700718731e',['http://n1o.io/Ay8x76we'],
b'5b914d6bbb325e7007187321',['https://goo.gl/FK1tR8'],
b'5b914d9ebb325e7007187324',['http://www.securityfocus.com/bid/105241'],
b'5b914fd7bb325e7007187368',['https://tools.cisco.com/security/center/content/CiscoSecurityAdvisory/cisco-sa-20180905-rv-routers-overflow'],
b'5b915054bb325e700718737a',['https://tools.cisco.com/security/center/content/CiscoSecurityAdvisory/cisco-sa-20180905-webex-pe'],
b'5b9150d6bb325e700718738b',['https://tools.cisco.com/security/center/content/CiscoSecurityAdvisory/cisco-sa-20180905-cimc-injection'],
b'5b9150ecbb325e7007187398',['http://sunnyhoi.blog/QjKy9L'],
b'5b9150edbb325e700718739a',['https://cybrsec.io/2oSwEGV'],
b'5b9150f6bb325e700718739d',['http://world-press.co.uk/2018/09/06/north-korean-hackers-will-be-charged-for-sony-pictures-wannacry-ransomware-attacks/'],
b'5b915141bb325e70071873a2',['http://bit.ly/2NTVlgQ'],
b'5b9151e4bb325e70071873c0',['https://tools.cisco.com/security/center/content/CiscoSecurityAdvisory/cisco-sa-20180905-webex-id-mod'],
b'5b915203bb325e70071873c7',['http://bit.ly/2NSEET4'],
b'5b91525fbb325e70071873d4',['https://goo.gl/fb/cWwLtL'],
b'5b91529dbb325e70071873db',['https://www.peerlyst.com/posts/is-ransomware-still-a-big-deal-what-do-we-know-do-we-know-things-let-s-find-out-kimberly-crawley?utm_source=twitter&utm_medium=Application_Share&utm_content=peerlyst_post&utm_campaign=peerlyst_shared_post'],
b'5b915346bb325e70071873fa',['https://tools.cisco.com/security/center/content/CiscoSecurityAdvisory/cisco-sa-20180905-sd-wan-injection'],
b'5b915353bb325e70071873fb',['https://goo.gl/FK1tR8'],
b'5b915387bb325e7007187407',['https://tools.cisco.com/security/center/content/CiscoSecurityAdvisory/cisco-sa-20180905-sd-wan-escalation'],
b'5b9153a4bb325e700718740a',['https://goo.gl/om3HYj'],
b'5b9156a8bb325e7007187468',['https://ift.tt/2oSBTq5'],
b'5b9156fbbb325e7007187470',['http://1gk.io/lTlFw8ZN'],
b'5b915ae2bb325e70071874df',['http://nv9.me/OGnxn5Q3'],
b'5b915c33bb325e7007187503',['http://thewhistleblowers.info/19-year-old-george-duke-cohan-aka-7r1d3n7-doubleparallax-optcz1-arrested-in-uk-as-leader-of-ddos-for-hire-cyber-gang-pleads-guilty-to-bomb-threats-faces-possible-deportation-charges-in-usa/'],
b'5b915cc6bb325e7007187513',['https://tech.dragmojo.com/it/doj-to-charge-north-korean-officer-for-sony-hack-and-wannacry-ransomware/'],
b'5b915cd0bb325e7007187514',['https://tech.dragmojo.com/it/doj-to-charge-north-korean-officer-for-sony-hack-and-wannacry-ransomware/'],
b'5b915e1fbb325e7007187543',['http://www.securityfocus.com/bid/101665'],
b'5b915ee2bb325e7007187558',['http://xih.me/rUp0JpsP'],
b'5b91630abb325e70071875f8',['https://v.virg0.org/2MW1fS8'],
b'5b916357bb325e70071875fe',['http://bit.ly/2NSD83g'],
b'5b916381bb325e7007187602',['https://worldnewsbuz.com/us-charges-north-korean-man-in-sony-hack-and-wannacry-ransomware-attack/'],
b'5b9163dfbb325e700718760e',['http://sunnyhoi.blog/QjLNzc'],
b'5b91646dbb325e7007187633',['http://zox.press/2018/09/06/us-charges-north-korean-man-in-sony-hack-and-wannacry-ransomware-attack/'],
b'5b9166cbbb325e700718769b',['http://bit.ly/2NSD83g'],
b'5b916724bb325e70071876a3',['https://securitynode.com/advisory/CVE-2018-1353'],https://securitynode.com/advisory/CVE-2018-1353
b'5b916a40bb325e70071876f0',['http://bit.ly/2tZiHGW'],https://perfectdomain.com/domain/tobem.com
b'5b916c00bb325e7007187718',"['http://bit.ly/2LYQ0Df', 'http://techlagari.com/gopros-latest-camera-hero-7-leaked-into-the-media/']",https://bitly.com/pages/landing/branded-short-domains-powered-by-bitly?bsd=bit.ly
b'5b916c0fbb325e7007187719',['http://1gk.io/xNkUWDXS'],
b'5b916c45bb325e7007187721',['http://bit.ly/2LYQ0Df'],
b'5b916c69bb325e7007187724',['https://brktech.net/2018/09/06/us-charges-north-korean-man-in-sony-hack-and-wannacry-ransomware-attack/'],
b'5b916d6cbb325e700718773a',['http://xih.me/eLNfZ8JN'],
b'5b916d79bb325e700718773d',['http://bit.ly/2MW7Mw8'],
b'5b916ddfbb325e700718774e',['https://globalnewshunt.com/world-latest-news/feds-charge-north-korean-cyber-operative-in-sony-hack-ransomware-attack-npr/'],
b'5b916e61bb325e700718775b',['http://bit.ly/139LlG4'],
b'5b916eccbb325e7007187768',['https://headlinesfornews.com/2018/09/06/feds-charge-north-korean-cyber-operative-in-sony-hack-ransomware-attack/'],
b'5b916f2fbb325e7007187772',['https://e-blackfriday.eu/2018/09/wengo-wengophone-2-1-crash-denial-of-service/'],
b'5b916fb4bb325e700718777b',['http://1gk.io/ZTRTttOY'],
b'5b91736abb325e70071877fb',['https://www.pyenews.com/protonmail-names-one-of-the-attackers-behind-a-major-ddos-this-summer/'],
b'5b91748ebb325e7007187838',['https://goo.gl/pHjiCc'],
b'5b91750bbb325e7007187845',['http://1gk.io/JP4afTEO'],
b'5b91766abb325e7007187866',['http://bit.ly/2oLhOSd'],
b'5b9176e0bb325e7007187875',['https://newsmirror.co/europe/protonmail-names-one-of-the-attackers-behind-a-major-ddos-this-summer/'],
b'5b917879bb325e700718789c',['https://tech.directpath.club/2018/09/06/protonmail-names-one-of-the-attackers-behind-a-major-ddos-this-summer/'],
b'5b91793dbb325e70071878ae',['https://qwerty.red/protonmail-names-one-of-the-attackers-behind-a-major-ddos-this-summer/'],
b'5b917954bb325e70071878b1',['https://goo.gl/pHjiCc'],
b'5b9179f2bb325e70071878d2',['http://bit.ly/2oLhOSd'],
b'5b917a1fbb325e70071878d5',['http://technewsjunkies.com/europe/protonmail-names-one-of-the-attackers-behind-a-major-ddos-this-summer/'],
b'5b917a2abb325e70071878d6',['http://www.deepfind.org/protonmail-names-one-of-the-attackers-behind-a-major-ddos-this-summer'],
b'5b917b09bb325e70071878e7',['https://www.thinkabovesky.com/2018/protonmail-names-one-of-the-attackers-behind-a-major-ddos-this-summer/'],
b'5b917b6dbb325e70071878f2',['https://is.gd/uTkeJK'],
b'5b917b6dbb325e70071878f3',['https://is.gd/uTkeJK'],
b'5b917bbbbb325e70071878fb',['https://e-blackfriday.eu/2018/09/zoidcom-0-6-5-0-6-7-crash-denial-of-service/'],
b'5b917da8bb325e7007187929',['https://wtsrv.co/2QeUgSu'],
b'5b917e4fbb325e700718793b',['http://bit.ly/2NpyWLg'],
b'5b917e59bb325e700718793c',['https://securitynode.com/advisory/CVE-2018-16516'],https://securitynode.com/advisory/CVE-2018-16516
b'5b917fd0bb325e7007187964',['http://n1o.io/rP2LufhH'],
b'5b91800ebb325e700718796c',['https://www.slanewsplanet.com/news-united-states-feds-charge-north-korean-cyber-operative-in-sony-hack-ransomware-attack-us-i356862-c11'],
b'5b918013bb325e700718796d',['http://i.securitytc.com/EncryptionApocalypse'],
b'5b918033bb325e700718796f',['http://asianchronicler.com/paradise-papers-data-leak-uncovers-singapore-connection/'],
b'5b9180e7bb325e700718797a',['http://zk0.io/Nb2pSATH'],
b'5b918346bb325e70071879a5',['http://news.ashishkale.in/protonmail-names-one-of-the-attackers-behind-a-major-ddos-this-summer/'],
b'5b9183bfbb325e70071879ac',['http://www.btcbitcoinnews.com/news/169730'],
b'5b9185fcbb325e70071879d7',['https://africaclassifieds.ga/?p=41244'],
b'5b918632bb325e70071879dc',['http://bit.ly/2vMdPqK'],
b'5b918636bb325e70071879dd',['http://www.dsctechno.com/blog/feds-charge-north-korean-cyber-operative-in-sony-hack-ransomware-attack/'],
b'5b918693bb325e70071879e4',['https://cybrsec.io/2wOwZPa'],
b'5b918838bb325e7007187a16',['http://upflow.co/l/q0l7'],
b'5b918ca9bb325e7007187a6a',['http://xih.me/35VeBIKQ'],
b'5b918d22bb325e7007187a76',['http://news.sofiaitc.com/QjMFQ1'],
b'5b918d23bb325e7007187a77',['http://news.sofiaitc.com/QjMFQk'],
b'5b918d23bb325e7007187a78',['https://goo.gl/pS91ei'],
b'5b918d24bb325e7007187a79',['https://goo.gl/Q1FPci'],
b'5b918d94bb325e7007187a81',['https://securitynode.com/advisory/CVE-2018-15918'],https://securitynode.com/advisory/CVE-2018-15918
b'5b918e55bb325e7007187a8d',['https://ift.tt/2M4YlFt'],
b'5b918fd3bb325e7007187aba',['http://xih.me/EVht4Uty'],
b'5b91962ebb325e7007187b17',['https://is.gd/8obfMZ'],
b'5b91962ebb325e7007187b18',['https://is.gd/8obfMZ'],
b'5b9197e9bb325e7007187b31',['http://upflow.co/l/HuYL'],
b'5b91981fbb325e7007187b35',['http://upflow.co/l/nFL0'],
b'5b919c0abb325e7007187b6e',['http://zk0.io/LeNC8KFH'],
b'5b919dd0bb325e7007187b8f',['https://giveinfo.me/2018/09/06/protonmail-names-one-of-the-attackers-behind-a-major-ddos-this-summer/'],
b'5b91a0e4bb325e7007187bae',['https://casual-woo.com/lp_17/index.php?user_id=61706018&offer_id=b97321cd-d2b1-4e9b-9b01-027546bca0a9&cep=SVefZVg-0-kzdt9IEnK0LE9-nNMQII__XcjBcqtCOoChW9_iIdcb6I_077fD9aVn2IONon8poWPy2sKkTRddQc6gDo8sAuRhY-1UMNnLJPv5tFyPTtPVI25BYGNl9TytyY_ByOSO07YBWlWWdqTu-GAT4Xij6blvz6UGOY5PvOZlDD6ZIuCpr38lC5P1uvgzrzctEraO0J_UAPZAe7NufW9bDkemIY40KbSXfdY7QL_GUNiHFqw6aNOZiDmrTAUyTD88y_GfOtYAx17cT1VghzBiL7xCP6Z3OBgQ19igIlWlIgOsQVf5EMuFMSmmRXVWSOVN-vhiwv7kOtcnj4Zp_Q&partner=665&group_user=0day&audience_cpa=l18372&plog=665&cid=wA8LAN404VAMK5KGH43CGO8I'],
b'5b91a4efbb325e7007187beb',['http://zk0.io/C1FftkLf'],
b'5b91a4f7bb325e7007187bec',['http://xih.me/6YV6Vn8L'],
b'5b91abeebb325e7007187c66',['http://bit.ly/2wP6Fne'],
b'5b91ac0fbb325e7007187c68',['http://chasmiller.blog/2018/09/06/vulnerability-and-mistakes-and-failure/'],
b'5b91ad13bb325e7007187c72',['http://news.sofiaitc.com/QjMjgN'],
b'5b91ad15bb325e7007187c73',['https://goo.gl/nwZMra'],
b'5b91ad15bb325e7007187c74',['http://news.sofiaitc.com/QjMjj4'],
b'5b91ad1dbb325e7007187c75',['https://goo.gl/ZXG3m4'],
b'5b91ad1ebb325e7007187c76',['https://cybrsec.io/2oK6tSu'],
b'5b91ad69bb325e7007187c7b',['https://www.digitalistmag.com/digital-supply-networks/2018/08/07/supply-chain-vulnerability-undermining-your-business-purpose-06181827'],
b'5b91ae28bb325e7007187c89',['http://bit.ly/2NnB9qt'],
b'5b91aeacbb325e7007187c8d',['http://upflow.co/l/uPsc'],
b'5b91b2d4bb325e7007187cce',['https://trib.al/Emf9W1Q'],
b'5b91b52dbb325e7007187ce6',['http://zpr.io/6uNnR'],
b'5b91b59fbb325e7007187cee',['https://goo.gl/HPKjCw'],
b'5b91bc47bb325e7007187d58',['https://ift.tt/2Qbkh4R'],
b'5b91c064bb325e7007187d8e',['http://zk0.io/QlzJMD4T'],
b'5b91c10cbb325e7007187d97',['https://www.internetnewsblog.com/new-fallout-exploit-kit-drops-gandcrab-ransomware-or-redirects-to-pups/'],
b'5b91c436bb325e7007187dbb',['http://earmi.lk/DiQDFx'],
b'5b91c7a6bb325e7007187de0',['http://t3ch.asia/2018/09/06/doj-to-charge-north-korean-officer-for-sony-hack-and-wannacry-ransomware/'],
b'5b91cbe5bb325e7007187e0a',['https://paper.li/knowlengr/1395881492?edition_id=5808e210-b238-11e8-9ae6-002590a5ba2d'],https://goodbye.paper.li/
b'5b91cfa3bb325e7007187e45',['https://goo.gl/m7Rfko'],https://groovy-cloud.co.uk/paying-ransomware-last-resort/
b'5b91cfa4bb325e7007187e46',['https://goo.gl/m7Rfko'],https://groovy-cloud.co.uk/paying-ransomware-last-resort/
b'5b91cfa9bb325e7007187e47',"['https://goo.gl/m7Rfko', 'https://goo.gl/m7Rfko']","https://goo.gl/m7Rfko',%20'https://goo.gl/m7Rfko"
b'5b91d12fbb325e7007187e59',['https://www.counter-striketv.com/10/post/2018/08/chinas-managed-yuan.html'],http://www.globalstrikemedia.com/monetary-regimes-exchange-rates-capital---current-accounts-crisis/chinas-managed-yuan
b'5b91d852bb325e7007187e94',['https://review-azon.com/us-charges-north-korean-man-in-sony-hack-and-wannacry-ransomware-attack/'],
b'5b91d9d2bb325e7007187e9b',['https://paper.li/fhhknews/1363355437?edition_id=a585f1b0-b240-11e8-b976-0cc47a0d15fd'],https://goodbye.paper.li/
b'5b91dbe0bb325e7007187eae',['https://oal.lu/WhBsB'],
b'5b91e0a0bb325e7007187ed3',['http://i.securitytc.com/RansomwareTimeline'],
b'5b91e3e0bb325e7007187ef5',['http://upflow.co/l/sobX'],
b'5b91e54abb325e7007187f01',['https://oal.lu/jDRXS'],
b'5b91e878bb325e7007187f12',['http://usawebreviews.com/leader-of-ddos-for-hire-gang-pleads-guilty-to-bomb-threats/'],
b'5b91eda7bb325e7007187f3a',['https://e-blackfriday.eu/2018/09/php-blue-dragon-cms-3-0-index-php-article_id-sql-injection/'],
b'5b91f27abb325e7007187f66',['https://paper.li/hostmozart/1391312159?edition_id=572dcce0-b24f-11e8-ac7f-0cc47a0d1609'],https://goodbye.paper.li/
b'5b91f454bb325e7007187f79',['https://cstu.io/03927f'],
b'5b91fb7ebb325e7007187fc2',['https://goo.gl/m7Rfko'],https://groovy-cloud.co.uk/paying-ransomware-last-resort/
b'5b91fb7fbb325e7007187fc3',['https://goo.gl/m7Rfko'],https://groovy-cloud.co.uk/paying-ransomware-last-resort/
b'5b91feeebb325e7007187fe1',['https://oal.lu/SKumx'],
b'5b91fef6bb325e7007187fe3',['https://oal.lu/LwKvL'],
b'5b91ff86bb325e7007187fe9',['https://oal.lu/70rcW'],
b'5b92067dbb325e7007188018',['http://upflow.co/l/i3Ni'],
b'5b9207a1bb325e700718802c',['https://hackingsaga.com/what-is-a-botnet/'],
b'5b920846bb325e7007188032',['https://oal.lu/B6dqK'],
b'5b92084bbb325e7007188033',['https://oal.lu/BxLNN'],
b'5b9208a0bb325e7007188039',['http://bit.ly/2MTOMhH'],
b'5b9208a5bb325e700718803a',['https://oal.lu/RSEzE'],
b'5b92095cbb325e7007188043',['https://ift.tt/2wSyz2n'],
b'5b920ce2bb325e7007188060',['http://www.securityfocus.com/bid/105293'],
b'5b921023bb325e700718807a',['http://dlvr.it/QjP9q1'],
b'5b9210a8bb325e7007188080',['https://ift.tt/2oNhr9O'],
b'5b921451bb325e70071880a0',['https://oal.lu/esej0'],
b'5b921601bb325e70071880b0',['http://d.maldicore.com/QjPGhW'],
b'5b921685bb325e70071880b5',['https://e-blackfriday.eu/2018/09/cerb-cerbng-0-1-0-2-0-3-0-4-log-exec-cb-unknown-vulnerability/'],
b'5b92179fbb325e70071880c3',['https://goo.gl/fb/RCNeUi'],
b'5b921d83bb325e70071880e9',['https://oal.lu/2GX09'],
b'5b921fa9bb325e70071880fe',['http://blog.krollontrack.co.uk/making-data-simple/need-know-ransomware-attacks'],
b'5b92221fbb325e7007188126',['https://oal.lu/eRBC4'],
b'5b92223abb325e700718812f',['https://ift.tt/2wSyz2n'],
b'5b922272bb325e7007188163',['https://ift.tt/2CtfiK9'],
b'5b922272bb325e7007188164',['https://ift.tt/2oML0bB'],
b'5b922273bb325e7007188165',['https://ift.tt/2wSyz2n'],
b'5b922300bb325e7007188190',['https://ift.tt/2wSyz2n'],
b'5b9224e0bb325e70071881d1',['https://www.politicalert.com/feds-charge-north-korean-cyber-operative-in-sony-hack-ransomware-attack-npr/'],
b'5b922554bb325e70071881d8',['https://www.scmagazineuk.com/python-0wned-malicious-snakes-cloud/article/1492128'],https://insight.scmagazineuk.com
b'5b9228febb325e700718820b',['https://is.gd/PHQp8e'],
b'5b922b87bb325e7007188228',['https://oal.lu/w33NB'],
b'5b922bc9bb325e700718822a',['http://www.securityfocus.com/bid/101665'],
b'5b923044bb325e7007188264',['https://oal.lu/HSxBB'],
b'5b923057bb325e7007188265',['https://oal.lu/40z4G'],
b'5b923057bb325e7007188266',['https://oal.lu/Pne7e'],
b'5b9231e0bb325e7007188278',['http://www.securityfocus.com/bid/105287'],
b'5b92352cbb325e700718829b',['https://www.malwareremovalservice.com/webapps-meddream-pacs-server-premium-6-7-1-1-email-sql-injection/'],
b'5b9237f1bb325e70071882ca',['https://deepsecurity.news/hacking/leader-of-ddos-for-hire-gang-pleads-guilty-to-bomb-threats/'],
b'5b92381ebb325e70071882cd',['http://bit.ly/2M16Xgl'],
b'5b9239bbbb325e70071882e5',['https://oal.lu/3tLfb'],
b'5b9239d7bb325e70071882e6',['https://oal.lu/9Qxcy'],
b'5b9239d7bb325e70071882e7',['https://oal.lu/q4MfP'],
b'5b923acebb325e70071882f4',['http://bit.ly/2M16Xgl'],
b'5b923c77bb325e7007188307',['https://mimtechnews.com/ransomware-down-but-not-out-report-reveals/'],
b'5b923d3fbb325e7007188310',['https://goo.gl/Qg8SMq'],
b'5b923e55bb325e7007188321',['https://clickho.st/2CFqnIn'],
b'5b923e5ebb325e7007188322',['https://oal.lu/6hkuu'],
b'5b923ebbbb325e7007188326',['https://oal.lu/Xn7NV'],
b'5b923efabb325e7007188327',['http://innovativeedgesolutions.net/2018/09/07/preventing-your-network-from-becoming-a-botnet/'],
b'5b923efcbb325e7007188328',['http://innovativeedgesolutions.net/2018/09/07/preventing-your-network-from-becoming-a-botnet/'],
b'5b923efebb325e7007188329',['http://innovativeedgesolutions.net/2018/09/07/preventing-your-network-from-becoming-a-botnet/'],
b'5b9240a3bb325e7007188347',['https://goo.gl/Qg8SMq'],
b'5b92419fbb325e700718834e',['http://n1o.io/NdoASVpX'],
b'5b924228bb325e7007188358',['https://paper.li/jkrogsboll/1488366950?read=https%3A%2F%2Fmarcoramilli.blogspot.com%2F2018%2F08%2Fhacking%2Dhacker%2Dstopping%2Dbig%2Dbotnet.html'],https://goodbye.paper.li/
b'5b9243afbb325e7007188369',['http://n1o.io/Qj2JUAgB'],
b'5b9247a4bb325e700718839b',['http://n1o.io/6sIOC1uC'],
b'5b9247bebb325e700718839e',['https://oal.lu/FTbW5'],
b'5b9247f9bb325e70071883a0',['https://oal.lu/XXsb6'],
b'5b924874bb325e70071883a4',['http://n1o.io/DlcSIYgg'],
b'5b92498dbb325e70071883b2',['http://1gk.io/WUDAxLLM'],
b'5b924c6abb325e70071883d3',['https://oal.lu/m0LTO'],
b'5b924c72bb325e70071883d6',['https://oal.lu/3mFJf'],
b'5b924c72bb325e70071883d7',['https://oal.lu/xvIAD'],
b'5b924c82bb325e70071883da',['https://oal.lu/QXxov'],
b'5b924cddbb325e70071883df',['https://oal.lu/GQsN1'],
b'5b924d05bb325e70071883e1',['http://n1o.io/IsXNWrlw'],
b'5b924d1fbb325e70071883e2',['https://ift.tt/2CG49WH'],
b'5b924d60bb325e70071883e6',['https://oal.lu/Rf1Rt'],
b'5b924d9fbb325e70071883ec',['https://oal.lu/uqD9n'],
b'5b924da0bb325e70071883ed',['https://oal.lu/kSH2U'],
b'5b924dd9bb325e70071883f1',['http://n1o.io/J93RZrM8'],
b'5b924e8abb325e70071883f9',['https://ift.tt/2CG49WH'],
b'5b92511fbb325e7007188417',['http://n1o.io/yR6szlNN'],
b'5b925261bb325e700718841f',['http://sunnyhoi.blog/QjQLmv'],
b'5b925453bb325e7007188436',['http://n1o.io/3mXxaeOm'],
b'5b9255c1bb325e700718844c',['https://oal.lu/4XLqg'],
b'5b9255cabb325e700718844e',['https://oal.lu/rOKlS'],
b'5b9255cabb325e700718844f',['https://oal.lu/WpODa'],
b'5b9255d7bb325e7007188451',['https://oal.lu/M3VEk'],
b'5b9255ecbb325e7007188453',['https://oal.lu/2tcH5'],
b'5b9255fcbb325e7007188454',['https://oal.lu/7Eijv'],
b'5b925611bb325e7007188457',['https://oal.lu/XmWeF'],
b'5b925629bb325e7007188459',['https://oal.lu/p9YYF'],
b'5b925654bb325e700718845b',['http://n1o.io/2FxumRQK'],
b'5b925673bb325e700718845c',['http://dlvr.it/QjQR8d'],
b'5b925675bb325e700718845d',['http://dlvr.it/QjQRFg'],
b'5b925675bb325e700718845e',['http://dlvr.it/QjQRGv'],
b'5b925a9dbb325e7007188499',['https://oal.lu/mJO4I'],
b'5b925b1ebb325e70071884a7',['https://paper.li/sslpost/1330945366?edition_id=b633a190-b28d-11e8-bcb4-0cc47a0d1605'],https://goodbye.paper.li/
b'5b925bacbb325e70071884b0',['https://miui11.com/us-indicts-north-korean-agent-for-wannacry-ransomware-attacks/'],
b'5b925e8dbb325e70071884e4',['http://nv9.me/evHNusXQ'],
b'5b926378bb325e7007188529',['https://www.howtorootandroiddevice.com/facebook-researcher-infamous-for-the-cambridge-analytica-data-leak-quits-report/'],
b'5b92639dbb325e7007188538',['https://cybrsec.io/2wUUnKN'],
b'5b926abdbb325e70071885c6',['https://e-blackfriday.eu/2018/09/212cafe-212cafeboard-6-30-beta-read-php-id-sql-injection/'],
b'5b926b0abb325e70071885ca',['http://i.securitytc.com/MacRansomware'],
b'5b926b33bb325e70071885cd',['http://n1o.io/da3LjAKl'],
b'5b926b8abb325e70071885d1',['https://buff.ly/2wSwt1C'],
b'5b926d68bb325e70071885eb',['http://1gk.io/nNUbvF39'],
b'5b926f4ebb325e7007188606',['https://www.cloud28plus.com/emea/content/Cryptojacking-Attacks-What-You-Need-To-Know'],
b'5b926faabb325e700718860e',['https://ift.tt/2oPGERa'],
b'5b92703dbb325e7007188619',['http://i.securitytc.com/RecoveryTime'],
b'5b92709fbb325e700718861d',['http://niks.co.ke/2018/09/07/u-k-teen-involved-in-protonmail-ddos-attack-arrested/'],
b'5b927260bb325e7007188631',['http://n1o.io/WUDAxLLM'],
b'5b9273a3bb325e700718864c',['http://1gk.io/Oi61MYXP'],
b'5b9275d6bb325e7007188667',['https://goo.gl/m7Rfko'],https://groovy-cloud.co.uk/paying-ransomware-last-resort/
b'5b9275d7bb325e7007188668',['https://goo.gl/m7Rfko'],https://groovy-cloud.co.uk/paying-ransomware-last-resort/
b'5b927723bb325e700718868b',['https://www.appmarsh.com/sqlmap-v1-2-9-automatic-sql-injection-and-database-takeover-tool/'],
b'5b927742bb325e7007188690',['https://oal.lu/bN4lH'],
b'5b9277c5bb325e700718869f',['http://sunnyhoi.blog/QjR87p'],
b'5b927874bb325e70071886a7',['https://ift.tt/2NWVccw'],
b'5b9278d4bb325e70071886b1',['https://paper.li/ENKI_SECURITY/1421672995?edition_id=6a6331b0-b29f-11e8-a440-0cc47a0d164b'],https://goodbye.paper.li/
b'5b92792abb325e70071886ba',['http://xih.me/9arM53iD'],
b'5b927954bb325e70071886bb',['https://is.gd/8guPCc'],
b'5b9279f0bb325e70071886c7',['http://n1o.io/cS2G8NKb'],
b'5b9279f6bb325e70071886c9',['https://e-blackfriday.eu/2018/09/yvora-1-0-error_view-php-id-sql-injection/'],
b'5b927c05bb325e70071886ed',['https://freelancewebdesigner.es/blog/wordpress-rest-api-0day-exploit-is-out/?utm_source=ReviveOldPost&utm_medium=social&utm_campaign=ReviveOldPost'],
b'5b928160bb325e700718872a',['http://n1o.io/wLemVvno'],
b'5b92819ebb325e700718872f',['https://oal.lu/IZNV9'],
b'5b928465bb325e7007188755',['https://www.makeuseof.com/tag/ways-avoid-ransomware/?utm_campaign=twitter&utm_medium=twitter&utm_source=twitter'],
b'5b928475bb325e7007188758',['https://moretip.com/sqlmap-v1-2-9-automatic-sql-injection-and-database-takeover-tool/'],
b'5b92850dbb325e700718876b',['https://ransomfree.cybereason.com/'],
b'5b9286fdbb325e700718878a',['https://mobileoptinalternative.eu/news/a-straightforward-timeline-of-the-fccs-twisty-ddos-debacle/'],
b'5b928808bb325e7007188795',['http://1gk.io/kvJMpXwC'],
b'5b92883bbb325e7007188798',['http://www.ransomprotectsummit.com'],
b'5b92898cbb325e70071887af',['http://d.maldicore.com/QjRYQH'],
b'5b928ab8bb325e70071887c0',['http://www.pellroja.net/en/security-update-xampp-vm-solutions-meltdown-security-vulnerability'],
b'5b928b0abb325e70071887c3',['http://n1o.io/hboGlq7Z'],
b'5b928b49bb325e70071887c7',['https://ubm.io/2oK6TbH'],https://www.darkreading.com/application-security/thoughts-on-the-latest-apache-struts-vulnerability
b'5b928cc0bb325e7007188802',['https://www.rootraw.com/sqlmap-v1-2-9-automatic-sql-injection-and-database-takeover-tool/'],
b'5b928f71bb325e700718882b',['https://ift.tt/2M7Plzl'],
b'5b928fb8bb325e700718882f',['https://www.makeuseof.com/tag/ways-avoid-ransomware/7'],
b'5b928fb9bb325e7007188830',['https://ift.tt/2M7Plzl'],
b'5b928fe3bb325e7007188831',['http://dlvr.it/QjRjDr'],
b'5b929037bb325e7007188836',['http://bit.ly/2wP0dN5'],
b'5b92906cbb325e7007188838',['https://ift.tt/2M7Plzl'],
b'5b9290c5bb325e700718883e',['http://n1o.io/ZTRTttOY'],
b'5b929278bb325e7007188858',['https://is.gd/50RqaB'],https://www.engadget.com/2018-08-06-fcc-report-reveals-ddos-claims-were-bogus.html
b'5b92935abb325e7007188870',['https://oal.lu/GOMtg'],
b'5b9293a2bb325e7007188879',['https://www.nccgroup.trust/uk/our-research/technical-advisory-bypassing-workflows-protection-mechanisms-remote-code-execution-on-sharepoint/'],
b'5b9293b6bb325e700718887e',['https://ift.tt/2M7Plzl'],
b'5b9293dabb325e7007188884',['http://www.securityfocus.com/bid/105273'],
b'5b92940abb325e7007188887',['https://www.thinkabovesky.com/2018/7-ways-to-avoid-being-hit-by-ransomware/'],
b'5b92946ebb325e7007188898',['http://n1o.io/kvJMpXwC'],
b'5b92950bbb325e70071888a7',['https://www.makeuseof.com/tag/ways-avoid-ransomware/'],
b'5b929626bb325e70071888bb',['https://www.hitechanswers.net/?p=43642'],
b'5b929762bb325e70071888d1',['http://1gk.io/TQWOldr1'],
b'5b929ae6bb325e7007188918',['http://dlvr.it/QjRyYj'],
b'5b929bf5bb325e7007188929',['http://n1o.io/8g8wGzkv'],
b'5b929da9bb325e7007188947',['https://oal.lu/PYYuB'],
b'5b929e85bb325e7007188963',['http://dlvr.it/QjS2ZG'],https://www.risenphoenix.com/2018/09/07/vulnerability-found-in-major-manufacturers-of-android-phones/?utm_source=dlvr.it&utm_medium=twitter
b'5b929e86bb325e7007188965',['http://dlvr.it/QjS2bV'],
b'5b929f1ebb325e521c5ae002',['http://dlvr.it/QjS3Fl'],
b'5b929f71bb325e521c5ae00a',['http://n1o.io/rn3VE0n7'],
b'5b929feabb325e521c5ae015',['https://bitcoinized.com/2NXjhQD'],
b'5b92a08abb325e521c5ae024',['http://dlvr.it/QjS4hK'],https://kmlcs.com/2018/09/07/vulnerability-found-in-major-manufacturers-of-android-phones/?utm_source=dlvr.it&utm_medium=facebook
b'5b92a304bb325e521c5ae055',['https://e-blackfriday.eu/2018/09/phpbb-2-0-22-links-php-start-sql-injection/'],
b'5b92a327bb325e521c5ae05b',['http://dlvr.it/QjS7vN'],
b'5b92a3a6bb325e521c5ae064',['https://is.gd/hTK2F8'],
b'5b92a3a7bb325e521c5ae065',['https://is.gd/hTK2F8'],
b'5b92a3c4bb325e521c5ae069',['http://dlvr.it/QjS8jz'],https://www.aragonitetechnologies.com/2018/09/07/vulnerability-found-in-major-manufacturers-of-android-phones/?utm_source=dlvr.it&utm_medium=twitter
b'5b92a65bbb325e521c5ae0ac',['https://buff.ly/2NrAyEr'],https://goodbye.paper.li/
b'5b92a6ecbb325e521c5ae0c7',['https://free-games-free.com/7-ways-to-avoid-being-hit-by-ransomware/'],
b'5b92a70fbb325e521c5ae0cd',['https://paper.li/VIRTUOLDesigns/1395203190?edition_id=fa999330-b2ba-11e8-a440-0cc47a0d164b'],https://goodbye.paper.li/
b'5b92a71ebb325e521c5ae0d5',['http://dlvr.it/QjSDnd'],
b'5b92a71ebb325e521c5ae0d7',['http://dlvr.it/QjSDnM'],
b'5b92aa53bb325e521c5ae12c',['http://dlvr.it/QjSJFN'],
b'5b92aa96bb325e521c5ae131',['http://bit.ly/1yh3v9G'],
b'5b92aad4bb325e521c5ae136',['http://dlvr.it/QjSJnn'],
b'5b92ab01bb325e521c5ae141',['http://bit.ly/2sUP0uj'],https://perfectdomain.com/domain/tobem.com
b'5b92add1bb325e521c5ae179',['http://dlvr.it/QjSNdF'],
b'5b92add5bb325e521c5ae17a',['http://dlvr.it/QjSNdZ'],
b'5b92add8bb325e521c5ae17d',['http://dlvr.it/QjSNdn'],https://www.bsucloud.com/2018/09/07/vulnerability-found-in-major-manufacturers-of-android-phones/?utm_source=dlvr.it&utm_medium=twitter
b'5b92add8bb325e521c5ae17e',['http://dlvr.it/QjSNdx'],https://ithavenpro.com/pittsburgh/?utm_source=dlvr.it&utm_medium=twitter
b'5b92ae58bb325e521c5ae18d',['http://dlvr.it/QjSP54'],
b'5b92aea2bb325e521c5ae19a',['http://dlvr.it/QjSPKL'],
b'5b92afc2bb325e521c5ae1c5',['http://dlvr.it/QjSQsF'],
b'5b92b022bb325e521c5ae1d5',['http://1gk.io/cTW0dyBl'],
b'5b92b03abb325e521c5ae1dd',['http://dlvr.it/QjSRjk'],
b'5b92b135bb325e521c5ae1f1',['https://e-blackfriday.eu/2018/09/nmdeluxe-2-0-0-index-php-id-sql-injection/'],
b'5b92b566bb325e521c5ae266',['http://dlvr.it/QjSYL8'],https://www.totherescuedfw.com/2018/09/07/vulnerability-found-in-major-manufacturers-of-android-phones/?utm_source=dlvr.it&utm_medium=twitter
b'5b92b6cabb325e521c5ae295',['http://dlvr.it/QjSb3s'],
b'5b92b8d7bb325e521c5ae2b5',['http://n1o.io/35VeBIKQ'],
b'5b92b91fbb325e521c5ae2c0',['http://dlvr.it/QjSdKz'],
b'5b92b932bb325e521c5ae2c9',['https://7daystech.com.ng/facebook-researcher-infamous-for-the-cambridge-analytica-data-leak-quits-report/'],
b'5b92ba9ebb325e521c5ae2da',['http://n1o.io/diAqlmsk'],
b'5b92bbf9bb325e521c5ae2e8',['https://ubm.io/2wRniPJ'],https://www.darkreading.com/vulnerabilities-threats/necurs-botnet-goes-phishing-for-banks
b'5b92bc64bb325e521c5ae2f5',['http://dlvr.it/QjShk9'],
b'5b92bc64bb325e521c5ae2f6',['http://dlvr.it/QjShkB'],https://www.level2tech.com/2018/09/07/vulnerability-found-in-major-manufacturers-of-android-phones/?utm_source=dlvr.it&utm_medium=twitter
b'5b92bc66bb325e521c5ae2f7',['http://dlvr.it/QjShkg'],https://e3techsolutions.com/2018/09/07/vulnerability-found-in-major-manufacturers-of-android-phones/?utm_source=dlvr.it&utm_medium=twitter
b'5b92bc67bb325e521c5ae2f9',['http://dlvr.it/QjShkr'],
b'5b92bca7bb325e521c5ae303',['http://dlvr.it/QjSj2S'],
b'5b92bce0bb325e521c5ae311',['http://dlvr.it/QjSj6L'],
b'5b92bce2bb325e521c5ae316',['http://dlvr.it/QjSjJ4'],
b'5b92bce5bb325e521c5ae31a',['http://dlvr.it/QjSjR3'],
b'5b92bd0abb325e521c5ae31f',['http://n1o.io/WzddYu1i'],
b'5b92c091bb325e521c5ae35d',['https://e-blackfriday.eu/2018/09/xgb-2-0-xgb-php-unknown-vulnerability/'],
b'5b92c0a0bb325e521c5ae35e',['http://dlvr.it/QjSnGY'],
b'5b92c121bb325e521c5ae36d',['http://dlvr.it/QjSnpl'],https://www.xlrint.com/2018/09/07/vulnerability-found-in-major-manufacturers-of-android-phones/?utm_source=dlvr.it&utm_medium=twitter
b'5b92c16abb325e521c5ae372',['http://n1o.io/nNUbvF39'],
b'5b92c1fdbb325e521c5ae380',['http://1gk.io/e9crea15'],
b'5b92c2bbbb325e521c5ae38d',['https://www.makeuseof.com/tag/ways-avoid-ransomware/'],
b'5b92c341bb325e521c5ae396',['http://bit.ly/2M7Nhrf'],
b'5b92c544bb325e521c5ae3b9',['https://api.icndb.com/jokes/537'],https://api.icndb.com/jokes/537
b'5b92c6dcbb325e521c5ae3c9',['http://n1o.io/RAmcUeb0'],
b'5b92cadfbb325e521c5ae414',['http://dlvr.it/QjSyg2'],https://www.uspcnet.com/2018/09/07/vulnerability-found-in-major-manufacturers-of-android-phones/?utm_source=dlvr.it&utm_medium=twitter
b'5b92ce88bb325e521c5ae456',['https://e-blackfriday.eu/2018/09/phpns-1-1-shownews-php-id-sql-injection/'],
b'5b92cf3dbb325e521c5ae468',['https://www.malwareremovalservice.com/local-dvd-photo-slideshow-professional-8-07-buffer-overflow-seh/'],
b'5b92cf3ebb325e521c5ae469',['https://www.malwareremovalservice.com/local-ismartviewpro-1-5-savepath-for-screenshots-local-buffer-overflow-seh/'],
b'5b92d0c9bb325e521c5ae487',['https://securitynode.com/advisory/CVE-2018-1000773'],https://securitynode.com/advisory/CVE-2018-1000773
b'5b92d14ebb325e521c5ae48f',['http://sunnyhoi.blog/QjT4wZ'],
b'5b92d1abbb325e521c5ae494',['http://i.securitytc.com/EncryptionApocalypse'],
b'5b92d35cbb325e521c5ae4b5',['http://bit.ly/2wTt5n5'],
b'5b92d5b7bb325e521c5ae4d5',['http://sunnyhoi.blog/QjT8YR'],
b'5b92d6fcbb325e521c5ae4e7',['https://blog.cripperz.sg/2018/09/08/police-arrested-apophis-squad-member-responsible-for-protonmail-ddos-attack/'],
b'5b92d70dbb325e521c5ae4ea',['https://codingvideos.net/powerful-ddos-attack-tools-you-can-down-any-website-in-a-minute-2/'],http://ww12.codingvideos.net/powerful-ddos-attack-tools-you-can-down-any-website-in-a-minute-2/
b'5b92d9b5bb325e521c5ae51b',['http://dlvr.it/QjTD9P'],
b'5b92dc67bb325e521c5ae54b',['https://e-blackfriday.eu/2018/09/polipo-1-0-1-crash-denial-of-service/'],
b'5b92dcc0bb325e521c5ae54e',['http://sunnyhoi.blog/QjTHCQ'],
b'5b92df56bb325e521c5ae565',['http://sunnyhoi.blog/QjTKGr'],
b'5b92e136bb325e521c5ae595',['http://news.sofiaitc.com/QjTLqB'],
b'5b92e139bb325e521c5ae596',['http://news.sofiaitc.com/QjTLt5'],
b'5b92e139bb325e521c5ae597',['https://goo.gl/tSLkQS'],
b'5b92e139bb325e521c5ae598',['http://news.sofiaitc.com/QjTLwR'],
b'5b92e13abb325e521c5ae599',['http://news.sofiaitc.com/QjTLxj'],
b'5b92e13bbb325e521c5ae59a',['https://goo.gl/KmSKfy'],
b'5b92e13bbb325e521c5ae59b',['http://news.sofiaitc.com/QjTLyk'],
b'5b92e13cbb325e521c5ae59c',['https://goo.gl/sofim7'],
b'5b92e13dbb325e521c5ae59d',['https://goo.gl/1txYfs'],
b'5b92e13fbb325e521c5ae59e',['https://goo.gl/tLjf2v'],
b'5b92e2c1bb325e521c5ae5b1',['https://paper.li/e-1467232877?edition_id=8f3be0b0-b2de-11e8-bcb4-0cc47a0d1605'],https://goodbye.paper.li/
b'5b92e36abb325e521c5ae5be',['http://n1o.io/TQWOldr1'],
b'5b92e98bbb325e521c5ae615',['http://xih.me/hbfwyLfW'],
b'5b92eb5dbb325e521c5ae632',['https://codingvideos.net/powerful-ddos-attack-tools-you-can-down-any-website-in-a-minute/'],http://ww12.codingvideos.net/powerful-ddos-attack-tools-you-can-down-any-website-in-a-minute/
b'5b92eba6bb325e521c5ae636',['https://ift.tt/2NWPOWW'],
b'5b92ec9ebb325e521c5ae647',['http://n1o.io/ZKzAcKCb'],
b'5b92ecd0bb325e521c5ae64a',['http://bit.ly/2vMdPqK'],
b'5b92edd9bb325e521c5ae653',['http://rviv.ly/bUXFNO'],
b'5b92ee80bb325e521c5ae660',['http://n1o.io/pr7tK0xY'],
b'5b92ef35bb325e521c5ae668',['http://n1o.io/cTW0dyBl'],
b'5b92ef41bb325e521c5ae669',['https://securitynode.com/advisory/CVE-2018-14632'],https://securitynode.com/advisory/CVE-2018-14632
b'5b92f053bb325e521c5ae672',['http://n1o.io/25Anayfu'],
b'5b92f15dbb325e521c5ae67f',['http://tech.mg/8iH4ny'],
b'5b92f1b5bb325e521c5ae689',['http://n1o.io/yZ9g7cA7'],
b'5b92f34dbb325e521c5ae69f',['http://n1o.io/15WlSwfi'],
b'5b92fd4dbb325e521c5ae713',['https://howtoknowmyfuture.com/2018/09/07/7-ways-to-avoid-being-hit-by-ransomware/'],
b'5b93009ebb325e521c5ae737',['http://bit.ly/2wZtR39'],
b'5b9305d5bb325e521c5ae763',['http://n1o.io/JP4afTEO'],
b'5b930cfabb325e521c5ae7bb',['https://goo.gl/2G8VNz'],https://groovy-cloud.co.uk/nhs-ransomware/
b'5b930cfcbb325e521c5ae7bc',['https://goo.gl/2G8VNz'],https://groovy-cloud.co.uk/nhs-ransomware/
b'5b930d0cbb325e521c5ae7bd',"['https://goo.gl/2G8VNz', 'https://goo.gl/2G8VNz']","https://goo.gl/2G8VNz',%20'https://goo.gl/2G8VNz"
b'5b9314a9bb325e521c5ae80f',['https://e-blackfriday.eu/2018/09/vmware-workstation-6-0-crash-denial-of-service/'],
b'5b931868bb325e521c5ae832',['https://ift.tt/2oOAjW7'],
b'5b931984bb325e521c5ae83d',['http://www.btc-current.nl/all-coins/slush-doesnt-give-a-sht-about-ddos-on-his-ln-%e2%9a%a1-node-capacity-12-btc/'],
b'5b931c4ebb325e521c5ae85a',['http://n1o.io/Oi61MYXP'],
b'5b931d08bb325e521c5ae861',['http://techvibesnow.com/crypto-accepted-ddos-protected-instant-dedicated-servers-20-00mo-2/'],
b'5b932254bb325e521c5ae88c',['https://e-blackfriday.eu/2018/09/hp-ignite-ux-c-7-0-212-c-7-1-92-c-7-2-93-c-7-3-144-unknown-vulnerability/'],
b'5b93254fbb325e521c5ae8a6',['http://bit.ly/2t6k0ro'],https://perfectdomain.com/domain/tobem.com
b'5b93258abb325e521c5ae8a9',['https://into.ai/blog/news-stories/global-artificial-intelligence-based-cybersecurity-market-2018-2022-increasing-vulnerability-to/'],
b'5b933120bb325e521c5ae97e',"['http://www.neomrx.ro', 'https://www.neomrx.ro/2018/09/07/dvd-photo-slideshow-professional-8-07-buffer-overflow/']",
b'5b9338f2bb325e521c5ae9cb',['https://twitter.com/i/web/status/1038258226964439040'],https://twitter.com/i/web/status/1038258226964439040
b'5b933dbbbb325e521c5ae9ee',['https://e-blackfriday.eu/2018/09/wbb2-addon-acrotxt-1-acrotxt-php-show-sql-injection/'],
b'5b933fa4bb325e521c5ae9ff',['http://n1o.io/SvQemK3t'],
b'5b934046bb325e521c5aea04',['http://sunnyhoi.blog/QjVbPK'],
b'5b934343bb325e521c5aea1d',['http://bit.ly/2ssFled'],https://perfectdomain.com/domain/tobem.com
b'5b9343f8bb325e521c5aea22',['https://paper.li/hostmozart/1391312159?edition_id=817e3880-b318-11e8-842a-0cc47a0d1609'],https://goodbye.paper.li/
b'5b93454abb325e521c5aea2c',['https://goo.gl/m7Rfko'],https://groovy-cloud.co.uk/paying-ransomware-last-resort/
b'5b93454cbb325e521c5aea2d',['https://goo.gl/m7Rfko'],https://groovy-cloud.co.uk/paying-ransomware-last-resort/
b'5b9345dcbb325e521c5aea31',['https://symc.ly/2wQxs2r'],https://symantec-enterprise-blogs.security.com/blogs/product-insights/how-one-healthcare-leader-locked-out-ransomware-web-isolation?es_p=7521018
b'5b934637bb325e521c5aea34',['http://sunnyhoi.blog/QjVf38'],
b'5b93467ebb325e521c5aea37',['https://twitter.com/i/web/status/1038272773800357888'],https://twitter.com/i/web/status/1038272773800357888
b'5b93468abb325e521c5aea39',['https://twitter.com/i/web/status/1038272825126268928'],https://twitter.com/i/web/status/1038272825126268928
b'5b934694bb325e521c5aea3a',"['http://cve.mitre.org/cgi-bin/cvename.cgi?name=CVE-2018-11776', 'https://twitter.com/i/web/status/1038272865345445888']","https://cve.mitre.org/cgi-bin/cvename.cgi?name=CVE-2018-11776',%20'https://twitter.com/i/web/status/1038272865345445888"
b'5b9346babb325e521c5aea3b',['https://twitter.com/i/web/status/1038273025538449414'],https://twitter.com/i/web/status/1038273025538449414
b'5b9346bbbb325e521c5aea3c',['https://twitter.com/i/web/status/1038273028898082816'],https://twitter.com/i/web/status/1038273028898082816
b'5b9346f6bb325e521c5aea3d',['http://openscienceworld.com/vulnerability-'],
b'5b93471ebb325e521c5aea3e',['https://twitter.com/i/web/status/1038273423284289538'],https://twitter.com/i/web/status/1038273423284289538
b'5b934753bb325e521c5aea40',['https://twitter.com/i/web/status/1038273667757568000'],https://twitter.com/i/web/status/1038273667757568000
b'5b93479ebb325e521c5aea42',['https://twitter.com/i/web/status/1038273975665623040'],https://twitter.com/i/web/status/1038273975665623040
b'5b9347ccbb325e521c5aea43',['http://f1n.me/LeNC8KFH'],https://www.finpay.id
b'5b96ab68bb325e7a2e19997e',['https://www.makeuseof.com/tag/ways-avoid-ransomware/'],
b'5b96b251bb325e7a2e199a00',['https://buff.ly/2Plr4I0'],
b'5b96eceabb325e7a2e199dae',['https://www.makeuseof.com/tag/ways-avoid-ransomware/'],
